date,close,high,low,open,volume,adjClose,adjHigh,adjLow,adjOpen,adjVolume,divCash,splitFactor
2020-01-02 00:00:00+00:00,160.62,160.73,158.33,158.78,22634546,157.2897773092,157.3974966188,155.0472571371,155.4879270399,22634546,0.0,1.0
2020-01-03 00:00:00+00:00,158.62,159.95,158.06,158.32,21121681,155.3312444078,156.6336687872,154.7828551954,155.0374644726,21121681,0.0,1.0
2020-01-06 00:00:00+00:00,159.03,159.1,156.51,157.08,20826702,155.7327436526,155.8012923041,153.2649921969,153.8231740738,20826702,0.0,1.0
2020-01-07 00:00:00+00:00,157.58,159.67,157.32,159.32,21881740,154.3128072991,156.359474181,154.0581980219,156.0167309233,21881740,0.0,1.0
2020-01-08 00:00:00+00:00,160.09,160.8,157.95,158.93,27762026,156.7707660903,157.4660452703,154.6751358858,155.6348170075,27762026,0.0,1.0
2020-01-09 00:00:00+00:00,162.09,162.22,161.03,161.84,21399951,158.7292989917,158.8566036303,157.691276554,158.484482379,21399951,0.0,1.0
2020-01-10 00:00:00+00:00,161.34,163.22,161.18,162.82,20733946,157.9948491537,159.835870081,157.8381665216,159.4441635007,20733946,0.0,1.0
2020-01-13 00:00:00+00:00,163.28,163.31,161.26,161.76,18666414,159.894626068,159.9240040615,157.9165078376,158.406141063,18666414,0.0,1.0
2020-01-14 00:00:00+00:00,162.13,163.6,161.72,163.39,23500783,158.7684696497,160.2079913322,158.3669704049,160.0023453776,23500783,0.0,1.0
2020-01-15 00:00:00+00:00,163.18,163.94,162.57,162.62,21417871,159.7966994229,160.5409419255,159.199346888,159.2483102106,21417871,0.0,1.0
2020-01-16 00:00:00+00:00,166.17,166.24,164.03,164.35,23865360,162.7247061105,162.793254762,160.629075906,160.9424411702,23865360,0.0,1.0
2020-01-17 00:00:00+00:00,167.1,167.47,165.43,167.42,34371659,163.6354239096,163.9977524964,162.000048937,163.9487891738,34371659,0.0,1.0
2020-01-21 00:00:00+00:00,166.5,168.19,166.43,166.68,29223486,163.0478640392,164.7028243409,162.9793153877,163.2241320003,29223486,0.0,1.0
2020-01-22 00:00:00+00:00,165.7,167.49,165.68,167.4,24138777,162.2644508787,164.0173378254,162.2448655497,163.9292038448,24138777,0.0,1.0
2020-01-23 00:00:00+00:00,166.72,166.8,165.27,166.19,19680766,163.2633026584,163.3416439744,161.8433663049,162.7442914395,19680766,0.0,1.0
2020-01-24 00:00:00+00:00,165.04,167.53,164.45,167.51,24918117,161.6181350212,164.0565084834,161.0403678153,164.0369231544,24918117,0.0,1.0
2020-01-27 00:00:00+00:00,162.28,163.38,160.2,161.15,32078067,158.9153596173,159.9925527131,156.8784853999,157.808788528,32078067,0.0,1.0
2020-01-28 00:00:00+00:00,165.46,165.76,163.07,163.78,24899940,162.0294269305,162.3232068657,159.6889801134,160.3842592933,24899940,0.0,1.0
2020-01-29 00:00:00+00:00,168.04,168.75,165.69,167.84,35127771,164.5559343733,165.2512135533,162.2546582142,164.3600810831,35127771,0.0,1.0
2020-01-30 00:00:00+00:00,172.78,174.05,170.79,174.05,51597470,169.1976573495,170.4413257419,167.2489171127,170.4413257419,51597470,0.0,1.0
2020-01-31 00:00:00+00:00,170.23,172.4,169.58,172.21,36142690,166.7005279003,168.8255360983,166.0640047073,168.6394754726,36142690,0.0,1.0
2020-02-03 00:00:00+00:00,174.38,174.5,170.4,170.43,30149052,170.7644836706,170.8819956447,166.8670031969,166.8963811904,30149052,0.0,1.0
2020-02-04 00:00:00+00:00,180.12,180.64,176.31,177.14,36433339,176.3854730976,176.8946916519,172.6544679204,173.4672590745,36433339,0.0,1.0
2020-02-05 00:00:00+00:00,179.9,184.2,178.41,184.03,39186324,176.1700344784,180.3808802164,174.7109274669,180.2144049197,39186324,0.0,1.0
2020-02-06 00:00:00+00:00,183.63,183.82,180.06,180.97,27751381,179.8226983395,180.0087589651,176.3267171105,177.2178495806,27751381,0.0,1.0
2020-02-07 00:00:00+00:00,183.89,185.63,182.48,182.85,33529074,180.0773076166,181.7812312408,178.6965419212,179.0588705079,33529074,0.0,1.0
2020-02-10 00:00:00+00:00,188.7,188.84,183.25,183.58,35844267,184.7875792444,184.9246765475,179.4505770882,179.7737350169,35844267,0.0,1.0
2020-02-11 00:00:00+00:00,184.44,190.7,183.5,190.65,53159906,180.6159041645,186.7461121458,179.6953937009,186.6971488233,53159906,0.0,1.0
2020-02-12 00:00:00+00:00,184.71,185.85,181.85,185.58,47062921,180.8803061062,181.99666986,178.0796040572,181.7322679183,47062921,0.0,1.0
2020-02-13 00:00:00+00:00,183.71,186.23,182.87,183.08,35295834,179.9010396555,182.3687911112,179.0784558369,179.2841017916,35295834,0.0,1.0
2020-02-14 00:00:00+00:00,185.35,185.41,182.65,183.25,23149516,181.5070366346,181.5657926217,178.8630172178,179.4505770882,23149516,0.0,1.0
2020-02-18 00:00:00+00:00,187.23,187.7,185.5,185.61,27853113,183.3480575619,183.8083127938,181.6539266022,181.7616459118,27853113,0.0,1.0
2020-02-19 00:00:00+00:00,187.28,188.18,186.47,188.06,29997471,183.8964467743,184.7801866403,183.101080895,184.6623546581,29997471,0.51,1.0
2020-02-20 00:00:00+00:00,184.42,187.25,181.1,186.95,36862376,181.0881178669,183.8669887788,177.8280996947,183.5724088235,36862376,0.0,1.0
2020-02-21 00:00:00+00:00,178.59,183.5,177.25,183.17,48600385,175.3634474019,180.1847393373,174.0476569348,179.8607013864,48600385,0.0,1.0
2020-02-24 00:00:00+00:00,170.89,174.55,163.23,167.77,68311066,167.802561882,171.3964373369,160.2809536895,164.7389303467,68311066,0.0,1.0
2020-02-25 00:00:00+00:00,168.07,174.84,167.65,174.2,68073295,165.033510302,171.6811979604,164.6210983646,171.0527607224,68073295,0.0,1.0
2020-02-26 00:00:00+00:00,170.17,173.26,168.21,169.71,56387148,167.0955699892,170.129743529,165.1709809478,166.6438807244,56387148,0.0,1.0
2020-02-27 00:00:00+00:00,158.18,167.03,157.98,163.32,93174906,155.3221911083,164.0122997902,155.1258044714,160.3693276761,93174906,0.0,1.0
2020-02-28 00:00:00+00:00,162.01,163.71,152.0,152.41,97073557,159.0829952045,160.752281618,149.2538440287,149.6564366343,97073557,0.0,1.0
2020-03-02 00:00:00+00:00,172.79,172.92,162.31,165.31,71030810,169.6682349324,169.7958862463,159.3775751599,162.3233747131,71030810,0.0,1.0
2020-03-03 00:00:00+00:00,164.51,175.0,162.26,173.8,71677019,161.5378281655,171.8383072699,159.3284785006,170.6599874486,71677019,0.0,1.0
2020-03-04 00:00:00+00:00,170.55,170.7,165.62,168.49,49814383,167.4687045993,167.615994577,162.6277740002,165.4459222395,49814383,0.0,1.0
2020-03-05 00:00:00+00:00,166.27,170.87,165.69,166.05,47817251,163.2660305701,167.7829232183,162.6965093231,163.0500052695,47817251,0.0,1.0
2020-03-06 00:00:00+00:00,161.57,163.11,156.0,162.61,72821057,158.6509446034,160.1631217074,153.1815767663,159.6721551152,72821057,0.0,1.0
2020-03-09 00:00:00+00:00,150.62,157.75,150.0,151.0,70419274,147.8987762342,154.899959839,147.2899776599,148.2719108443,70419274,0.0,1.0
2020-03-10 00:00:00+00:00,160.92,161.03,152.58,158.16,65354385,158.0126880335,158.1207006838,149.8233652757,155.3025524446,65354385,0.0,1.0
2020-03-11 00:00:00+00:00,153.63,157.7,151.15,157.13,56504304,150.8543951193,154.8508631798,148.419200822,154.2911612647,56504304,0.0,1.0
2020-03-12 00:00:00+00:00,139.06,153.47,138.58,145.3,93226366,136.5476286226,150.6972858098,136.0763006941,142.6748916932,93226366,0.0,1.0
2020-03-13 00:00:00+00:00,158.83,161.91,140.73,147.5,92727446,155.9604476782,158.9848018861,138.1874570405,144.8351446989,92727446,0.0,1.0
2020-03-16 00:00:00+00:00,135.42,149.35,135.0,140.0,87905868,132.9733918314,146.65172109,132.5609798939,137.4706458159,87905868,0.0,1.0
2020-03-17 00:00:00+00:00,146.57,147.5,135.0,140.0,81059817,143.9219468374,144.8351446989,132.5609798939,137.4706458159,81059817,0.0,1.0
2020-03-18 00:00:00+00:00,140.4,146.0,135.02,138.0,81593173,137.8634190897,143.3622449223,132.5806185576,135.5067794471,81593173,0.0,1.0
2020-03-19 00:00:00+00:00,142.71,150.15,139.0,142.77,85922661,140.1316847456,147.4372676376,136.4887126315,140.1906007367,85922661,0.0,1.0
2020-03-20 00:00:00+00:00,137.35,147.1,135.86,146.0,84866215,134.8685228773,144.4423714251,133.4054424325,143.3622449223,84866215,0.0,1.0
2020-03-23 00:00:00+00:00,135.98,140.57,132.52,137.01,78975176,133.5232744146,138.030347731,130.1257855966,134.5346655946,78975176,0.0,1.0
2020-03-24 00:00:00+00:00,148.34,149.6,141.27,143.75,82516727,145.6599685738,146.8972043861,138.7177009601,141.1528952574,82516727,0.0,1.0
2020-03-25 00:00:00+00:00,146.92,154.33,144.44,148.91,75638224,144.265623452,151.5417483484,141.8304291546,146.2196704889,75638224,0.0,1.0
2020-03-26 00:00:00+00:00,156.11,156.66,148.37,148.4,64694427,153.2895894166,153.829652668,145.6894265693,145.7188845649,64694427,0.0,1.0
2020-03-27 00:00:00+00:00,149.7,154.89,149.2,151.75,57042291,146.9953977046,152.0916309316,146.5044311124,149.0083607326,57042291,0.0,1.0
2020-03-30 00:00:00+00:00,160.23,160.6,150.01,152.44,63420326,157.3351541363,157.6984694145,147.2997969918,149.6858946298,63420326,0.0,1.0
2020-03-31 00:00:00+00:00,157.71,164.78,156.56,159.4,77927186,154.8606825116,161.8029501253,153.7314593496,156.5201495933,77927186,0.0,1.0
2020-04-01 00:00:00+00:00,152.11,157.75,150.82,153.0,57969926,149.361856679,154.899959839,148.0951628711,150.2357772131,57969926,0.0,1.0
2020-04-02 00:00:00+00:00,155.26,155.48,150.36,151.86,49630735,152.4549462098,152.6709715104,147.6434736063,149.1163733829,49630735,0.0,1.0
2020-04-03 00:00:00+00:00,153.83,157.38,152.19,155.1,41243284,151.0507817562,154.5366445608,149.4404113337,152.2978369003,41243284,0.0,1.0
2020-04-06 00:00:00+00:00,165.27,166.5,157.58,160.32,67111697,162.2840973857,163.4918752025,154.7330311977,157.4235281229,67111697,0.0,1.0
2020-04-07 00:00:00+00:00,163.49,170.0,163.26,169.59,62769038,160.5362563175,166.9286413479,160.310411685,166.5260487423,62769038,0.0,1.0
2020-04-08 00:00:00+00:00,165.13,166.67,163.5,165.67,48318234,162.1466267399,163.6588038438,160.5460756493,162.6768706594,48318234,0.0,1.0
2020-04-09 00:00:00+00:00,165.14,167.37,163.33,166.36,51431775,162.1564460717,164.3461570729,160.379147008,163.3544045567,51431775,0.0,1.0
2020-04-13 00:00:00+00:00,165.51,165.57,162.3,164.35,41905264,162.5197613499,162.578677341,159.367755828,161.380718856,41905264,0.0,1.0
2020-04-14 00:00:00+00:00,173.7,173.75,168.0,169.0,52874338,170.5617941302,170.6108907894,164.9647749791,165.9467081635,52874338,0.0,1.0
2020-04-15 00:00:00+00:00,171.88,173.57,169.24,171.2,40940833,168.7746757346,170.4341428162,166.1823721278,168.1069611692,40940833,0.0,1.0
2020-04-16 00:00:00+00:00,177.04,177.28,172.9,174.3,50479610,173.8414509661,174.0771149303,169.7762475827,171.1509540408,50479610,0.0,1.0
2020-04-17 00:00:00+00:00,178.6,180.0,175.87,179.5,52765625,175.3732667337,176.7479731919,172.6925891403,176.2570065997,52765625,0.0,1.0
2020-04-20 00:00:00+00:00,175.06,178.75,174.99,176.63,36669595,171.897223261,175.5205567114,171.828487938,173.4388583605,36669595,0.0,1.0
2020-04-21 00:00:00+00:00,167.82,173.67,166.11,173.5,56203749,164.7880270059,170.5323361346,163.1089212606,170.3654074933,56203749,0.0,1.0
2020-04-22 00:00:00+00:00,173.52,174.0,170.82,171.39,34651604,170.385046157,170.8563740855,167.7338265591,168.2935284742,34651604,0.0,1.0
2020-04-23 00:00:00+00:00,171.42,175.06,170.91,174.11,32790804,168.3229864697,171.897223261,167.8222005457,170.9643867358,32790804,0.0,1.0
2020-04-24 00:00:00+00:00,174.55,174.56,170.71,172.06,34305320,171.3964373369,171.4062566688,167.6258139088,168.9514237078,34305320,0.0,1.0
2020-04-27 00:00:00+00:00,174.05,176.9,173.3,176.59,33194384,170.9054707447,173.7039803203,170.1690208564,173.3995810331,33194384,0.0,1.0
2020-04-28 00:00:00+00:00,169.81,175.67,169.39,175.59,34392694,166.7420740429,172.4962025034,166.3296621054,172.4176478487,34392694,0.0,1.0
2020-04-29 00:00:00+00:00,177.43,177.68,171.88,173.22,51286559,174.224404908,174.4698882041,168.7746757346,170.0904662017,51286559,0.0,1.0
2020-04-30 00:00:00+00:00,179.21,180.4,176.23,180.0,53875857,175.9722459762,177.1407464657,173.0460850867,176.7479731919,53875857,0.0,1.0
2020-05-01 00:00:00+00:00,174.57,178.64,174.01,175.8,39370474,171.4160760006,175.4125440611,170.8661934173,172.6238538174,39370474,0.0,1.0
2020-05-04 00:00:00+00:00,178.84,179.0,173.8,174.49,30372862,175.608930698,175.7660400075,170.6599874486,171.3375213458,30372862,0.0,1.0
2020-05-05 00:00:00+00:00,180.76,183.65,179.9,180.62,36839168,177.494242412,180.3320293149,176.6497798735,177.3567717662,36839168,0.0,1.0
2020-05-06 00:00:00+00:00,182.54,184.2,181.63,182.08,32139299,179.2420834803,180.8720925664,178.3485242825,178.7903942154,32139299,0.0,1.0
2020-05-07 00:00:00+00:00,183.6,184.55,182.58,184.17,28315992,180.2829326557,181.2157691809,179.2813608076,180.8426345708,28315992,0.0,1.0
2020-05-08 00:00:00+00:00,184.68,185.0,183.36,184.98,30912638,181.3434204949,181.6576391139,180.0472686915,181.6380004502,30912638,0.0,1.0
2020-05-11 00:00:00+00:00,186.74,187.51,182.85,183.15,30892660,183.3662028547,184.1222914067,179.5464827674,179.8410627227,30892660,0.0,1.0
2020-05-12 00:00:00+00:00,182.51,187.04,182.3,186.8,32038199,179.2126254847,183.6607828101,179.006419516,183.4251188458,32038199,0.0,1.0
2020-05-13 00:00:00+00:00,179.75,184.05,176.54,182.55,44711488,176.5024898958,180.7248025887,173.3504843739,179.2519028121,44711488,0.0,1.0
2020-05-14 00:00:00+00:00,180.53,180.69,175.68,177.54,41873911,177.2683977796,177.4255070891,172.5060218353,174.3324175583,41873911,0.0,1.0
2020-05-15 00:00:00+00:00,183.16,187.06,177.0,179.06,46610382,179.8508820546,183.6804214737,173.8021736387,175.8249559986,46610382,0.0,1.0
2020-05-18 00:00:00+00:00,184.91,186.2,183.96,185.75,35306620,181.5692651273,182.8359589352,180.6364286021,182.3940890022,35306620,0.0,1.0
2020-05-19 00:00:00+00:00,183.63,186.6,183.49,185.03,26799116,180.3123906513,183.2287322089,180.1749200054,181.6870971094,26799116,0.0,1.0
2020-05-20 00:00:00+00:00,185.66,185.85,183.94,184.81,31261334,182.8065009396,182.993580737,181.1129364582,181.9695650041,31261334,0.51,1.0
2020-05-21 00:00:00+00:00,183.43,186.67,183.29,185.4,29032741,180.6107748969,183.8009777572,180.4729266252,182.5504970064,29032741,0.0,1.0
2020-05-22 00:00:00+00:00,183.51,184.46,182.54,183.19,20826898,180.6895453379,181.6249443247,179.7344537408,180.3744635739,20826898,0.0,1.0
2020-05-26 00:00:00+00:00,181.57,186.5,181.1,186.34,36073609,178.7793621438,183.6335905701,178.3165858029,183.4760496881,36073609,0.0,1.0
2020-05-27 00:00:00+00:00,181.81,181.99,176.6,180.2,39517146,179.0156734667,179.192906959,173.8857484969,177.4304183417,39517146,0.0,1.0
2020-05-28 00:00:00+00:00,181.4,184.15,180.38,180.74,33831824,178.6119749566,181.3197088658,177.607651834,177.9621188184,33831824,0.0,1.0
2020-05-29 00:00:00+00:00,183.25,184.27,180.41,182.73,42146720,180.4335414047,181.4378645273,177.6371907493,179.9215335382,42146720,0.0,1.0
2020-06-01 00:00:00+00:00,182.83,183.0,181.46,182.54,22668821,180.0199965894,180.1873837765,178.6710527874,179.7344537408,22668821,0.0,1.0
2020-06-02 00:00:00+00:00,184.91,185.0,181.35,184.25,30794585,182.0680280553,182.1566448014,178.562743431,181.4181719171,30794585,0.0,1.0
2020-06-03 00:00:00+00:00,185.36,185.94,183.58,184.82,27311016,182.5111117859,183.0821974831,180.7584694738,181.9794113092,27311016,0.0,1.0
2020-06-04 00:00:00+00:00,182.92,185.84,182.3,184.3,28761809,180.1086133355,182.9837344319,179.4981424178,181.4674034427,28761809,0.0,1.0
2020-06-05 00:00:00+00:00,187.2,187.73,182.01,182.62,39893643,184.3228319288,184.8446861004,179.2125995692,179.8132241818,39893643,0.0,1.0
2020-06-08 00:00:00+00:00,188.36,188.55,184.44,185.94,33211590,185.4650033232,185.6520831206,181.6052517145,183.0821974831,33211590,0.0,1.0
2020-06-09 00:00:00+00:00,189.8,190.7,187.26,188.0,29783916,186.8828712611,187.7690387223,184.3819097595,185.1105363387,29783916,0.0,1.0
2020-06-10 00:00:00+00:00,196.84,198.52,191.01,191.13,43872329,193.8146700687,195.4688493296,188.0742741812,188.1924298427,43872329,0.0,1.0
2020-06-11 00:00:00+00:00,186.27,195.76,186.07,193.13,52854672,183.4071255522,192.7512691153,183.2101994497,190.1616908676,52854672,0.0,1.0
2020-06-12 00:00:00+00:00,187.74,191.72,185.18,190.54,43373587,184.8545324055,188.773361845,182.3338782937,187.6114978403,43373587,0.0,1.0
2020-06-15 00:00:00+00:00,188.94,190.82,184.01,184.58,32770189,186.0360890204,187.8871943838,181.1818605941,181.7430999862,32770189,0.0,1.0
2020-06-16 00:00:00+00:00,193.57,195.58,191.46,192.89,42556656,190.594928293,192.574035623,188.5173579118,189.9253795446,42556656,0.0,1.0
2020-06-17 00:00:00+00:00,194.24,196.32,193.69,195.03,25687822,191.2546307364,193.3026622022,190.7130839545,192.0324888412,25687822,0.0,1.0
2020-06-18 00:00:00+00:00,196.32,196.49,194.0,194.0,23061648,193.3026622022,193.4700493894,191.0183194134,191.0183194134,23061648,0.0,1.0
2020-06-19 00:00:00+00:00,195.15,199.29,194.37,198.59,44441141,192.1506445027,196.2270148242,191.382632703,195.5377734655,44441141,0.0,1.0
2020-06-22 00:00:00+00:00,200.57,200.76,195.23,195.79,32818929,197.4873418801,197.6744216775,192.2294149437,192.7808080307,32818929,0.0,1.0
2020-06-23 00:00:00+00:00,201.91,203.95,201.43,202.09,30917447,198.8067467668,200.8153930122,198.3341241208,198.983980259,30917447,0.0,1.0
2020-06-24 00:00:00+00:00,197.84,203.25,196.56,201.6,36740647,194.7993005812,200.1261516535,193.5389735252,198.5015113079,36740647,0.0,1.0
2020-06-25 00:00:00+00:00,200.34,200.61,195.47,197.8,27803933,197.2608768623,197.5267271006,192.4657262667,194.7599153607,27803933,0.0,1.0
2020-06-26 00:00:00+00:00,196.33,199.89,194.88,199.73,54675780,193.3125085074,196.8177931317,191.8847942643,196.6602522497,54675780,0.0,1.0
2020-06-29 00:00:00+00:00,198.44,198.53,193.55,195.78,26701586,195.3900788886,195.4786956347,190.5752356828,192.7709617255,26701586,0.0,1.0
2020-06-30 00:00:00+00:00,203.51,204.4,197.74,197.88,34310283,200.3821555867,201.2584767428,194.7008375299,194.8386858017,34310283,0.0,1.0
2020-07-01 00:00:00+00:00,204.7,206.35,201.77,203.14,32071431,201.5538658965,203.178506242,198.668898495,200.0178422971,32071431,0.0,1.0
2020-07-02 00:00:00+00:00,206.26,208.02,205.0,205.68,29322547,203.0898894959,204.8228391978,201.8492550502,202.5188037987,29322547,0.0,1.0
2020-07-06 00:00:00+00:00,210.7,211.13,208.09,208.83,32033747,207.4616489711,207.8850400915,204.8917633337,205.6203899129,32033747,0.0,1.0
2020-07-07 00:00:00+00:00,208.25,214.67,207.99,210.45,33600749,205.0493042157,211.3706321055,204.7933002824,207.215491343,33600749,0.0,1.0
2020-07-08 00:00:00+00:00,212.83,213.26,208.69,210.07,33602226,209.5589119626,209.982303083,205.4825416411,206.8413317483,33602226,0.0,1.0
2020-07-09 00:00:00+00:00,214.32,216.38,211.47,216.33,33122280,211.0260114262,213.0543502818,208.2198144657,213.0051187562,33122280,0.0,1.0
2020-07-10 00:00:00+00:00,213.67,214.08,211.08,213.62,26178663,210.3860015931,210.7897001032,207.8358085659,210.3367700675,26178663,0.0,1.0
2020-07-13 00:00:00+00:00,207.07,215.8,206.5,214.48,38135816,203.887440211,212.4832645846,203.3262008189,211.1835523082,38135816,0.0,1.0
2020-07-14 00:00:00+00:00,208.35,208.85,202.03,206.13,37598121,205.1477672669,205.6400825231,198.9249024283,202.9618875293,37598121,0.0,1.0
2020-07-15 00:00:00+00:00,208.04,211.33,205.03,209.56,32248893,204.842531808,208.081966194,201.8787939656,206.339170187,32248893,0.0,1.0
2020-07-16 00:00:00+00:00,203.92,205.7,202.31,205.4,29940718,200.7858540968,202.5384964089,199.2005989718,202.2431072552,29940718,0.0,1.0
2020-07-17 00:00:00+00:00,202.88,205.04,201.39,204.47,31636070,199.7618383639,201.8886402707,198.2947389003,201.3274008786,31636070,0.0,1.0
2020-07-20 00:00:00+00:00,211.6,212.3,203.01,205.0,36386080,208.3478164323,209.037057791,199.8898403305,201.8492550502,36386080,0.0,1.0
2020-07-21 00:00:00+00:00,208.75,213.94,208.03,213.66,37702523,205.5416194719,210.6518518314,204.8326855029,210.376155288,37702523,0.0,1.0
2020-07-22 00:00:00+00:00,211.75,212.3,208.39,209.2,49605692,208.4955110092,209.037057791,205.1871524874,205.9847032025,49605692,0.0,1.0
2020-07-23 00:00:00+00:00,202.54,210.92,202.15,207.19,67457035,199.4270639896,207.6782676839,199.0430580898,204.0055958725,67457035,0.0,1.0
2020-07-24 00:00:00+00:00,201.3,202.86,197.51,200.42,39826989,198.2061221542,199.7421457536,194.474372512,197.3396473032,39826989,0.0,1.0
2020-07-27 00:00:00+00:00,203.85,203.97,200.86,201.47,30160867,200.7169299609,200.8350856224,197.7728847287,198.3735093413,30160867,0.0,1.0
2020-07-28 00:00:00+00:00,202.02,204.7,201.74,203.61,23251388,198.9150561232,201.5538658965,198.6393595797,200.4806186379,23251388,0.0,1.0
2020-07-29 00:00:00+00:00,204.06,204.65,202.01,202.5,19632602,200.9237023685,201.5046343709,198.905209818,199.3876787691,19632602,0.0,1.0
2020-07-30 00:00:00+00:00,203.9,204.46,199.57,201.0,25079596,200.7661614865,201.3175545735,196.5027113677,197.9107330005,25079596,0.0,1.0
2020-07-31 00:00:00+00:00,205.01,205.1,199.01,204.4,51247969,201.8591013553,201.9477181015,195.9513182807,201.2584767428,51247969,0.0,1.0
2020-08-03 00:00:00+00:00,216.54,217.64,210.44,211.52,78983009,213.2118911638,214.2949847275,207.2056450379,208.2690459913,78983009,0.0,1.0
2020-08-04 00:00:00+00:00,213.29,214.77,210.31,214.17,49280056,210.0118419984,211.4690951568,207.0776430713,210.8783168493,49280056,0.0,1.0
2020-08-05 00:00:00+00:00,212.94,215.0,211.57,214.9,28858621,209.667221319,211.6955601746,208.318277517,211.5970971234,28858621,0.0,1.0
2020-08-06 00:00:00+00:00,216.35,216.3705,211.55,212.34,32656843,213.0248113664,213.0449962919,208.2985849067,209.0764430115,32656843,0.0,1.0
2020-08-07 00:00:00+00:00,212.48,215.7,210.93,214.85,27820421,209.2142912833,212.3848015333,207.688113989,211.5478655978,27820421,0.0,1.0
2020-08-10 00:00:00+00:00,208.25,211.88,206.35,211.67,36716462,205.0493042157,208.6235129758,203.178506242,208.4167405682,36716462,0.0,1.0
2020-08-11 00:00:00+00:00,203.38,207.65,203.14,207.155,36446459,200.2541536201,204.4585259082,200.0178422971,203.9711338045,36446459,0.0,1.0
2020-08-12 00:00:00+00:00,209.19,210.28,204.75,205.29,28041364,205.9748568974,207.0481041559,201.6030974221,202.1347978988,28041364,0.0,1.0
2020-08-13 00:00:00+00:00,208.7,211.35,208.15,209.44,22588870,205.4923879463,208.1016588042,204.9508411644,206.2210145255,22588870,0.0,1.0
2020-08-14 00:00:00+00:00,208.9,209.59,207.51,208.76,17958936,205.6893140487,206.3687091023,204.3206776365,205.551465777,17958936,0.0,1.0
2020-08-17 00:00:00+00:00,210.28,211.1874,208.915,209.6,20063496,207.0481041559,207.9415578829,205.7040835064,206.3785554075,20063496,0.0,1.0
2020-08-18 00:00:00+00:00,211.49,212.36,209.21,210.53,21336167,208.239507076,209.0961356218,205.9945495076,207.294261784,21336167,0.0,1.0
2020-08-19 00:00:00+00:00,209.7,212.1,209.25,211.49,27627561,206.97918002,209.3480404495,206.5350186895,208.7459550903,27627561,0.51,1.0
2020-08-20 00:00:00+00:00,214.58,215.0,208.91,209.54,26981478,211.7958628932,212.2104134683,206.1994301287,206.8212559914,26981478,0.0,1.0
2020-08-21 00:00:00+00:00,213.02,216.25,212.85,213.86,36249319,210.2561036141,213.444194942,210.0883093336,211.0852047644,36249319,0.0,1.0
2020-08-24 00:00:00+00:00,213.69,215.52,212.43,214.79,25460147,210.9174104839,212.7236665614,209.6737587585,212.0031381808,25460147,0.0,1.0
2020-08-25 00:00:00+00:00,216.47,216.61,213.1,213.1,23043696,213.6613404813,213.7995240064,210.3350656284,210.3350656284,23043696,0.0,1.0
2020-08-26 00:00:00+00:00,221.15,222.09,217.36,217.88,39600828,218.2806183187,219.2084219869,214.5397928906,215.0530459836,39600828,0.0,1.0
2020-08-27 00:00:00+00:00,226.58,231.15,219.4,222.89,57602195,223.6401650402,228.1508701079,216.5533242556,219.99804213,57602195,0.0,1.0
2020-08-28 00:00:00+00:00,228.91,230.644,226.58,228.18,26292896,225.9399337071,227.6514353674,223.6401650402,225.2194053265,26292896,0.0,1.0
2020-08-31 00:00:00+00:00,225.53,228.7,224.31,227.0,28774156,222.6037886024,225.7326584196,221.3996178841,224.0547156154,28774156,0.0,1.0
2020-09-01 00:00:00+00:00,227.27,227.45,224.43,225.51,25791235,224.3212124137,224.4988769459,221.5180609056,222.5840480988,25791235,0.0,1.0
2020-09-02 00:00:00+00:00,231.65,232.86,227.35,227.97,34080839,228.6443826974,229.8386831639,224.400174428,225.012130039,34080839,0.0,1.0
2020-09-03 00:00:00+00:00,217.3,229.31,214.9602,229.27,58400288,214.4805713799,226.3347437787,212.1711298662,226.2952627716,58400288,0.0,1.0
2020-09-04 00:00:00+00:00,214.25,218.3599,205.19,215.1,59664072,211.4701445841,215.526719367,202.5276964631,212.3091159862,59664072,0.0,1.0
2020-09-08 00:00:00+00:00,202.66,210.03,202.2,206.5,52924330,200.0305227604,207.3048983291,199.5764911781,203.8206994475,52924330,0.0,1.0
2020-09-09 00:00:00+00:00,211.29,214.8399,206.7,207.6,45678986,208.5485500545,212.0523907372,204.0181044833,204.9064271443,45678986,0.0,1.0
2020-09-10 00:00:00+00:00,205.37,214.74,204.11,213.4,35461514,202.7053609953,211.9537869218,201.4617092699,210.6311731821,35461514,0.0,1.0
2020-09-11 00:00:00+00:00,204.03,208.63,201.24,207.2,33620073,201.3827472555,205.9230630786,198.6289470064,204.5116170727,33620073,0.0,1.0
2020-09-14 00:00:00+00:00,205.41,209.2,204.03,204.24,30375768,202.7448420025,206.4856674306,201.3827472555,201.5900225431,30375768,0.0,1.0
2020-09-15 00:00:00+00:00,208.78,209.78,206.93,208.42,21823942,206.0711168554,207.0581420344,204.2451202744,205.715787791,21823942,0.0,1.0
2020-09-16 00:00:00+00:00,205.05,210.65,204.64,210.62,26372464,202.389512938,207.91685394,201.9848326147,207.8872431846,26372464,0.0,1.0
2020-09-17 00:00:00+00:00,202.91,204.33,199.96,200.05,34011257,200.2772790552,201.6788548092,197.3655547773,197.4543870434,34011257,0.0,1.0
2020-09-18 00:00:00+00:00,200.39,203.65,196.25,202.8,55225326,197.7899756043,201.0076776876,193.7036913635,200.1687062855,55225326,0.0,1.0
2020-09-21 00:00:00+00:00,202.54,202.71,196.38,197.19,39839657,199.912079739,200.0798740194,193.8320046368,194.6314950317,39839657,0.0,1.0
2020-09-22 00:00:00+00:00,207.42,208.1,202.075,205.06,33517065,204.7287626121,205.3999397338,199.4531130308,202.3993831898,33517065,0.0,1.0
2020-09-23 00:00:00+00:00,200.59,208.1,200.03,207.9,30803780,197.9873806401,205.3999397338,197.4346465399,205.202534698,30803780,0.0,1.0
2020-09-24 00:00:00+00:00,203.19,205.57,199.2,199.85,31202493,200.5536461053,202.9027660311,196.6154156414,197.2569820077,31202493,0.0,1.0
2020-09-25 00:00:00+00:00,207.82,209.04,202.54,203.55,29437312,205.1235726837,206.3277434019,199.912079739,200.9089751697,29437312,0.0,1.0
2020-09-28 00:00:00+00:00,209.44,212.57,208.06,210.88,32004936,206.7225534735,209.8119422835,205.3604587266,208.1438697312,32004936,0.0,1.0
2020-09-29 00:00:00+00:00,207.26,210.07,206.81,209.35,24464472,204.5708385835,207.3443793362,204.126677253,206.6337212074,24464472,0.0,1.0
2020-09-30 00:00:00+00:00,210.33,211.98,206.54,207.73,33829088,207.6010058828,209.229597428,203.8601804546,205.0347404176,33829088,0.0,1.0
2020-10-01 00:00:00+00:00,212.46,213.99,211.32,213.49,27158418,209.7033695139,211.2135180376,208.5781608099,210.7200054482,27158418,0.0,1.0
2020-10-02 00:00:00+00:00,206.19,210.99,205.54,208.0,33154781,203.514721642,208.2524425008,202.8731552757,205.3012372159,33154781,0.0,1.0
2020-10-05 00:00:00+00:00,210.38,210.41,206.98,207.22,21331561,207.6503571417,207.6799678971,204.2944715334,204.5313575763,21331561,0.0,1.0
2020-10-06 00:00:00+00:00,205.91,210.18,204.82,208.82,28554261,203.2383545919,207.4529521059,202.1624971469,206.1105978626,28554261,0.0,1.0
2020-10-07 00:00:00+00:00,209.83,210.11,206.72,207.06,25681054,207.1074932933,207.3838603434,204.0378449868,204.3734335477,25681054,0.0,1.0
2020-10-08 00:00:00+00:00,210.58,211.19,208.32,210.51,19925837,207.8477621775,208.4498475366,205.6170852731,207.778670415,19925837,0.0,1.0
2020-10-09 00:00:00+00:00,215.81,215.86,211.23,211.23,26458047,213.0099038633,213.0592551222,208.4893285438,208.4893285438,26458047,0.0,1.0
2020-10-12 00:00:00+00:00,221.4,223.86,216.81,218.79,40461368,218.5273746134,220.9554565536,213.9969290422,215.9512388964,40461368,0.0,1.0
2020-10-13 00:00:00+00:00,222.86,225.21,220.43,222.72,28950843,219.9684313747,222.2879405451,217.5699601899,219.8302478496,28950843,0.0,1.0
2020-10-14 00:00:00+00:00,220.86,224.22,219.13,223.0,23451713,217.9943810168,221.310785618,216.2868274573,220.1066148997,23451713,0.0,1.0
2020-10-15 00:00:00+00:00,219.66,220.36,216.01,217.1,22733064,216.8099508021,217.5008684274,213.207308899,214.2831663441,22733064,0.0,1.0
2020-10-16 00:00:00+00:00,219.66,222.29,219.32,220.15,26057882,216.8099508021,219.4058270227,216.4743622413,217.2935931398,26057882,0.0,1.0
2020-10-19 00:00:00+00:00,214.22,222.3,213.72,220.415,27625841,211.4405338288,219.4156972745,210.9470212393,217.5551548122,27625841,0.0,1.0
2020-10-20 00:00:00+00:00,214.65,217.37,213.0901,215.8,22753511,211.8649546557,214.5496631424,210.3252940791,213.0000336115,22753511,0.0,1.0
2020-10-21 00:00:00+00:00,214.8,216.92,213.12,213.12,22724906,212.0130084325,214.1055018119,210.354806132,210.354806132,22724906,0.0,1.0
2020-10-22 00:00:00+00:00,214.89,216.055,211.7,213.93,22351450,212.1018406986,213.2517250321,208.9532303779,211.1542965269,22351450,0.0,1.0
2020-10-23 00:00:00+00:00,216.23,216.28,213.16,215.03,18879608,213.4244544384,213.4738056973,210.3942871391,212.2400242237,18879608,0.0,1.0
2020-10-26 00:00:00+00:00,210.08,216.3399,208.1,213.85,37111561,207.354249588,213.5329285056,205.3999397338,211.0753345126,37111561,0.0,1.0
2020-10-27 00:00:00+00:00,213.25,214.67,210.329,211.59,36700325,210.4831194052,211.8846951593,207.6000188576,208.8446576082,36700325,0.0,1.0
2020-10-28 00:00:00+00:00,202.68,208.84,202.1,207.67,51195593,200.050263264,206.1303383662,199.4777886602,204.9755189068,51195593,0.0,1.0
2020-10-29 00:00:00+00:00,204.72,207.36,203.37,204.07,31432563,202.063794629,204.6695411014,200.7313106375,201.4222282627,31432563,0.0,1.0
2020-10-30 00:00:00+00:00,202.47,204.29,199.62,203.5,36980111,199.8429879764,201.6393738021,197.0299662165,200.8596239107,36980111,0.0,1.0
2020-11-02 00:00:00+00:00,202.33,205.28,200.12,204.29,30842163,199.7048044514,202.6165287292,197.523478806,201.6393738021,30842163,0.0,1.0
2020-11-03 00:00:00+00:00,206.43,208.12,203.12,203.89,27512030,203.751607685,205.4196802373,200.4845543427,201.2445637305,27512030,0.0,1.0
2020-11-04 00:00:00+00:00,216.39,218.32,212.4185,214.02,42311777,213.582378467,215.4873370624,209.6624079689,211.243128793,42311777,0.0,1.0
2020-11-05 00:00:00+00:00,223.29,224.12,221.15,222.04,36080137,220.3928522016,221.2120831001,218.2806183187,219.1590707279,36080137,0.0,1.0
2020-11-06 00:00:00+00:00,223.72,224.36,218.03,222.26,25231895,220.8172730285,221.448969143,215.2010997605,219.3762162673,25231895,0.0,1.0
2020-11-09 00:00:00+00:00,218.39,228.12,217.88,224.435,44394950,215.5564288249,225.1601838158,215.0530459836,221.5229960315,44394950,0.0,1.0
2020-11-10 00:00:00+00:00,211.01,216.5,209.72,214.5,44045120,208.2721830044,213.6909512367,206.9989205236,211.7169008789,44045120,0.0,1.0
2020-11-11 00:00:00+00:00,216.55,218.04,212.2,212.39,29440788,213.7403024957,215.2109700123,209.4467429673,209.6342777513,29440788,0.0,1.0
2020-11-12 00:00:00+00:00,215.44,219.11,214.46,217.21,21616115,212.6447045471,216.2670869537,211.6774198717,214.3917391137,21616115,0.0,1.0
2020-11-13 00:00:00+00:00,216.51,217.42,214.16,216.36,18630307,213.7008214885,214.5990144013,211.381312318,213.5527677117,18630307,0.0,1.0
2020-11-16 00:00:00+00:00,217.23,217.74,214.52,214.87,24953344,214.4114796173,214.9148624586,211.7366413824,212.0821001951,24953344,0.0,1.0
2020-11-17 00:00:00+00:00,214.46,217.68,214.08,216.1,24154112,211.6774198717,214.8556409478,211.3023503037,213.2961411651,24154112,0.0,1.0
2020-11-18 00:00:00+00:00,211.08,215.17,210.93,213.65,28372789,208.8940088671,212.9416519232,208.7455623003,211.4373933791,28372789,0.56,1.0
2020-11-19 00:00:00+00:00,212.42,213.03,209.93,211.38,24792746,210.220131531,210.8238142362,207.7559185213,209.1909020008,24792746,0.0,1.0
2020-11-20 00:00:00+00:00,210.39,213.285,210.0,212.2,22843119,208.2111546597,211.0761733998,207.8251935859,210.0024098996,22843119,0.0,1.0
2020-11-23 00:00:00+00:00,210.11,212.29,208.16,210.95,25683507,207.9340544015,210.0914778397,206.0042490325,208.7653551759,25683507,0.0,1.0
2020-11-24 00:00:00+00:00,213.86,214.25,208.86,209.59,33830438,211.6452185727,212.0311796465,206.6969996778,207.4194396365,33830438,0.0,1.0
2020-11-25 00:00:00+00:00,213.87,215.29,212.46,215.11,21012887,211.6551150105,213.0604091767,210.2597172821,212.8822732964,21012887,0.0,1.0
2020-11-27 00:00:00+00:00,215.23,216.27,214.04,214.85,14512213,213.0010305499,214.0302600801,211.8233544529,212.6249659139,14512213,0.0,1.0
2020-11-30 00:00:00+00:00,214.07,214.76,210.835,214.1,33064753,211.8530437663,212.5358979738,208.6515461413,211.8827330797,33064753,0.0,1.0
2020-12-01 00:00:00+00:00,216.21,217.32,213.35,214.51,30498026,213.9708814533,215.069386048,211.1405002454,212.2884870291,30498026,0.0,1.0
2020-12-02 00:00:00+00:00,215.37,215.47,212.8,214.88,23724509,213.139580679,213.2385450569,210.596196167,212.6546552273,23724509,0.0,1.0
2020-12-03 00:00:00+00:00,214.24,216.3757,213.65,214.61,25120922,212.0212832087,214.1348654275,211.4373933791,212.3874514069,25120922,0.0,1.0
2020-12-04 00:00:00+00:00,214.36,215.38,213.18,214.22,24666039,212.1400404622,213.1494771168,210.972260803,212.0014903331,24666039,0.0,1.0
2020-12-07 00:00:00+00:00,214.29,215.54,212.99,214.37,24619997,212.0707653977,213.3078201214,210.784228485,212.1499369,24619997,0.0,1.0
2020-12-08 00:00:00+00:00,216.01,216.95,212.89,213.97,23284094,213.7729526975,214.7032178498,210.6852641071,211.7540793884,23284094,0.0,1.0
2020-12-09 00:00:00+00:00,211.8,215.225,211.214,215.16,32440603,209.606552388,212.996082331,209.0266211335,212.9317554854,32440603,0.0,1.0
2020-12-10 00:00:00+00:00,210.52,213.08,210.36,211.77,26467017,208.3398083509,210.8732964251,208.1814653463,209.5768630746,26467017,0.0,1.0
2020-12-11 00:00:00+00:00,213.26,213.32,209.11,210.05,30979440,211.0514323053,211.1108109321,206.9444106226,207.8746757748,30979440,0.0,1.0
2020-12-14 00:00:00+00:00,214.2,216.21,212.88,213.1,28798379,211.9816974576,213.9708814533,210.6753676693,210.8930893007,28798379,0.0,1.0
2020-12-15 00:00:00+00:00,214.13,215.42,212.24,215.165,27018106,211.912422393,213.1890628679,210.0419956508,212.9367037043,27018106,0.0,1.0
2020-12-16 00:00:00+00:00,219.28,220.11,214.72,214.75,35023253,217.0090878548,217.8304921913,212.4963122226,212.526001536,35023253,0.0,1.0
2020-12-17 00:00:00+00:00,219.42,220.89,217.92,219.87,32515784,217.1476379838,218.6024143389,215.6631723154,217.5929776844,32515784,0.0,1.0
2020-12-18 00:00:00+00:00,218.59,219.69,216.02,218.59,63354922,216.3262336473,217.4148418042,213.7828491353,216.3262336473,63354922,0.0,1.0
2020-12-21 00:00:00+00:00,222.59,224.0,217.2801,217.55,37181886,220.2848087632,221.6802064916,215.0298992612,215.2970041172,37181886,0.0,1.0
2020-12-22 00:00:00+00:00,223.94,225.63,221.85,222.69,22643397,221.6208278648,223.2933258513,219.5524723668,220.3837731411,22643397,0.0,1.0
2020-12-23 00:00:00+00:00,221.02,223.5589,220.8,223.11,18699638,218.7310680302,221.2436746207,218.5133463988,220.7994235283,18699638,0.0,1.0
2020-12-24 00:00:00+00:00,222.75,223.61,221.2,221.42,10550572,220.4431517678,221.2942454178,218.9092039104,219.1269255418,10550572,0.0,1.0
2020-12-28 00:00:00+00:00,224.96,226.03,223.02,224.45,17762701,222.6302645194,223.6891833629,220.7103555882,222.1255461921,17762701,0.0,1.0
2020-12-29 00:00:00+00:00,224.15,227.18,223.58,226.31,17403213,221.8286530584,224.8272737087,221.2645561044,223.966283621,17403213,0.0,1.0
2020-12-30 00:00:00+00:00,221.68,225.63,221.47,225.23,20272337,219.3842329243,223.2933258513,219.1764077308,222.8974683397,20272337,0.0,1.0
2020-12-31 00:00:00+00:00,222.42,223.0,219.68,221.7,20942132,220.1165693208,220.6905627126,217.4049453664,219.4040257999,20942132,0.0,1.0
